DIRECTORY,FILENAME,TYPE,SOURCE,FILESIZE
apps/symbolic,guake-notification.svg,symlink,./guake-tray.svg,16
apps/symbolic,system-file-manager-symbolic.svg,svg,,4072
apps/symbolic,utilities-terminal-symbolic.svg,svg,,5032
apps/symbolic,preferences-desktop-accessibility-symbolic.svg,svg,,2791
apps/symbolic,preferences-system-network-symbolic.svg,svg,,1479
apps/symbolic,preferences-system-search-symbolic.svg,svg,,4938
apps/symbolic,preferences-desktop-display-symbolic.svg,svg,,2482
apps/symbolic,web-browser-symbolic.svg,svg,,8154
apps/symbolic,preferences-system-time-symbolic.svg,svg,,5054
apps/symbolic,preferences-system-sharing-symbolic.svg,svg,,5348
apps/symbolic,preferences-desktop-remote-desktop-symbolic.svg,svg,,2897
apps/symbolic,preferences-system-notifications-symbolic.svg,svg,,6425
apps/symbolic,applets-screenshooter-symbolic.svg,svg,,1474
apps/symbolic,preferences-desktop-keyboard-shortcuts-symbolic.svg,svg,,6245
apps/symbolic,text-editor-symbolic.svg,svg,,4741
apps/symbolic,audacious-symbolic.svg,symlink,./audacious-panel.svg,21
apps/symbolic,system-software-install-symbolic.svg,svg,,5201
apps/symbolic,vlc-panel.svg,symlink,./vlc.svg,9
apps/symbolic,help-browser-symbolic.svg,svg,,6208
apps/symbolic,preferences-system-network-proxy-symbolic.svg,svg,,6515
apps/symbolic,accessories-character-map-symbolic.svg,svg,,7255
apps/symbolic,preferences-color-symbolic.svg,svg,,6471
apps/symbolic,audacious-panel.svg,svg,,9182
apps/symbolic,user-info-symbolic.svg,svg,,4859
apps/symbolic,preferences-desktop-wallpaper-symbolic.svg,svg,,1298
apps/symbolic,system-users-symbolic.svg,svg,,5233
apps/symbolic,vlc.svg,svg,,1451
apps/symbolic,synapse-symbolic.svg,symlink,./synapse.svg,13
apps/symbolic,preferences-desktop-screensaver-symbolic.svg,svg,,5788
apps/symbolic,utilities-system-monitor-symbolic.svg,svg,,4847
apps/symbolic,accessories-text-editor-symbolic.svg,svg,,11079
apps/symbolic,goa-panel-symbolic.svg,svg,,7401
apps/symbolic,bluetooth-symbolic.svg,svg,,6153
apps/symbolic,guake-tray.svg,svg,,839
apps/symbolic,synapse.svg,svg,,10475
apps/symbolic,gnome-power-manager-symbolic.svg,svg,,2584
apps/symbolic,accessories-dictionary-symbolic.svg,svg,,6957
apps/symbolic,preferences-system-privacy-symbolic.svg,svg,,9973
apps/symbolic,preferences-desktop-locale-symbolic.svg,svg,,5235
apps/symbolic,accessories-calculator-symbolic.svg,svg,,6161
apps/symbolic,synapse-panel.svg,symlink,./synapse.svg,13
apps/16,catfish.png,symlink,../../actions/16/system-search.png,34
apps/16,internet-mail.png,symlink,../../actions/16/mail-send.png,30
apps/24,catfish.png,symlink,../../actions/24/system-search.png,34
apps/24,internet-mail.png,symlink,../../actions/24/mail-send.png,30
apps/22,catfish.png,symlink,../../actions/22/system-search.png,34
apps/22,internet-mail.png,symlink,../../actions/22/mail-send.png,30
apps/scalable,gconfeditor.svg,symlink,../../categories/scalable/preferences-desktop.svg,49
apps/scalable,accessories-calculator.svg,svg,,4682
apps/scalable,display-capplet.svg,symlink,./gnome-display-properties.svg,30
apps/scalable,redhat-filemanager.svg,symlink,./system-file-manager.svg,25
apps/scalable,google-chrome-unstable.svg,symlink,./google-chrome.svg,19
apps/scalable,gnome-terminal.svg,symlink,./utilities-terminal.svg,24
apps/scalable,access.svg,symlink,./preferences-desktop-accessibility.svg,39
apps/scalable,gksu-debian.svg,symlink,./gksu-root-terminal.svg,24
apps/scalable,utilities-terminal.svg,svg,,3800
apps/scalable,gnome-settings-sound.svg,symlink,./preferences-desktop-sound.svg,31
apps/scalable,kopete.svg,symlink,./pidgin.svg,12
apps/scalable,stock_calendar.svg,symlink,./evolution-calendar.svg,24
apps/scalable,xfce-filemanager.svg,symlink,./system-file-manager.svg,25
apps/scalable,preferences-desktop-peripherals.svg,symlink,../../devices/scalable/input-mouse.svg,38
apps/scalable,gparted.svg,svg,,8716
apps/scalable,security-medium.svg,symlink,./security.svg,14
apps/scalable,kuser.svg,symlink,./config-users.svg,18
apps/scalable,google-pacman.svg,svg,,3743
apps/scalable,x-office-calendar.svg,symlink,./evolution-calendar.svg,24
apps/scalable,gnome-package.svg,symlink,./synaptic.svg,14
apps/scalable,libreoffice34-calc.svg,symlink,./libreoffice-calc.svg,22
apps/scalable,synaptic.svg,svg,,6719
apps/scalable,preferences-system-sharing.svg,svg,,4108
apps/scalable,xfsm-switch.svg,symlink,./gnome-session-switch.svg,26
apps/scalable,zsnes.svg,symlink,../../categories/scalable/applications-games.svg,48
apps/scalable,preferences-system-notifications.svg,symlink,./notifications.svg,19
apps/scalable,chromium.png.svg,symlink,./chromium-browser.svg,22
apps/scalable,cinnamon-power-manager.svg,symlink,../../devices/scalable/battery.svg,34
apps/scalable,virtualbox-ose.svg,symlink,./virtualbox.svg,16
apps/scalable,mousepad.svg,symlink,./accessories-text-editor.svg,29
apps/scalable,gcolor2.svg,svg,,26368
apps/scalable,gnome-settings-accessibility-technologies.svg,symlink,./preferences-desktop-accessibility.svg,39
apps/scalable,ksysguard.svg,symlink,./utilities-system-monitor.svg,30
apps/scalable,x-system-software-sources.svg,symlink,./software-properties.svg,25
apps/scalable,accessibility-directory.svg,symlink,./preferences-desktop-accessibility.svg,39
apps/scalable,zenmap.svg,symlink,./gnome-nettool.svg,19
apps/scalable,pidgin.svg,svg,,3641
apps/scalable,system-config-date.svg,symlink,./evolution-calendar.svg,24
apps/scalable,background.svg,symlink,./preferences-desktop-wallpaper.svg,35
apps/scalable,libreoffice34-math.svg,symlink,./libreoffice-math.svg,22
apps/scalable,xfce4-mcs-manager.svg,symlink,../../categories/scalable/preferences-desktop.svg,49
apps/scalable,susers.svg,symlink,./config-users.svg,18
apps/scalable,speedcrunch.svg,symlink,./accessories-calculator.svg,28
apps/scalable,xfcalendar.svg,symlink,./evolution-calendar.svg,24
apps/scalable,gconf-editor.svg,symlink,../../categories/scalable/preferences-desktop.svg,49
apps/scalable,gnome-session-reboot.svg,svg,,3095
apps/scalable,gkdebconf-icon.svg,symlink,../../categories/scalable/preferences-desktop.svg,49
apps/scalable,preferences-system-network.svg,symlink,../../places/scalable/network-workgroup.svg,43
apps/scalable,tilda.svg,symlink,./utilities-terminal.svg,24
apps/scalable,preferences-desktop-sound.svg,svg,,5967
apps/scalable,libreoffice5.0-math.svg,symlink,./libreoffice-math.svg,22
apps/scalable,libreoffice3-base.svg,symlink,./libreoffice-base.svg,22
apps/scalable,gnome-power-manager.svg,symlink,../../devices/scalable/battery.svg,34
apps/scalable,firefox-3.5.svg,symlink,./firefox.svg,13
apps/scalable,startupmanager.svg,symlink,../../categories/scalable/preferences-desktop.svg,49
apps/scalable,shares.svg,symlink,../../places/scalable/folder-remote.svg,39
apps/scalable,notifications.svg,svg,,3870
apps/scalable,ksnapshot.svg,symlink,./gnome-screenshot.svg,22
apps/scalable,libreoffice3-startcenter.svg,symlink,./libreoffice-main.svg,22
apps/scalable,htop.svg,symlink,./utilities-system-monitor.svg,30
apps/scalable,libreoffice5.0-base.svg,symlink,./libreoffice-base.svg,22
apps/scalable,terminal.svg,symlink,./utilities-terminal.svg,24
apps/scalable,bt-logo.svg,symlink,./preferences-system-bluetooth.svg,34
apps/scalable,redhat-tools.svg,symlink,../../categories/scalable/preferences-desktop.svg,49
apps/scalable,virt-viewer.svg,symlink,./gnome-display-properties.svg,30
apps/scalable,gnome-session-halt.svg,symlink,./gnome-shutdown.svg,20
apps/scalable,accessories-text-editor.svg,svg,,7392
apps/scalable,system-software-install.svg,symlink,./synaptic.svg,14
apps/scalable,locale.svg,symlink,./preferences-desktop-locale.svg,32
apps/scalable,libreoffice5.0-startcenter.svg,symlink,./libreoffice-main.svg,22
apps/scalable,xfsm-hibernate.svg,symlink,./gnome-session-hibernate.svg,29
apps/scalable,config-date.svg,symlink,./time-admin.svg,16
apps/scalable,drakconf.svg,symlink,../../categories/scalable/preferences-desktop.svg,49
apps/scalable,preferences-desktop-display.svg,symlink,./gnome-display-properties.svg,30
apps/scalable,system-restart.svg,symlink,./gnome-session-reboot.svg,26
apps/scalable,office-date.svg,symlink,./evolution-calendar.svg,24
apps/scalable,haroopad.svg,svg,,11179
apps/scalable,gwenview.svg,symlink,./eog.svg,9
apps/scalable,preferences-system-power.svg,symlink,../../devices/scalable/battery.svg,34
apps/scalable,gimp.svg,svg,,29419
apps/scalable,gnome-settings-background.svg,symlink,./preferences-desktop-wallpaper.svg,35
apps/scalable,notification_area_icon.svg,symlink,./notifications.svg,19
apps/scalable,edit-urpm-sources.svg,symlink,./software-properties.svg,25
apps/scalable,firefox-3.0.svg,symlink,./firefox.svg,13
apps/scalable,gnome-desktop-config.svg,symlink,../../categories/scalable/preferences-desktop.svg,49
apps/scalable,qbittorrent.svg,svg,,107523
apps/scalable,libreoffice3-math.svg,symlink,./libreoffice-math.svg,22
apps/scalable,wallpaper.svg,symlink,./preferences-desktop-wallpaper.svg,35
apps/scalable,pk-package-sources.svg,symlink,./software-properties.svg,25
apps/scalable,gnome-device-manager.svg,symlink,./palimpsest.svg,16
apps/scalable,gnome-app-install.svg,symlink,./synaptic.svg,14
apps/scalable,gnome-disks.svg,symlink,./palimpsest.svg,16
apps/scalable,preferences-sound.svg,symlink,./preferences-desktop-sound.svg,31
apps/scalable,plan.svg,symlink,./evolution-calendar.svg,24
apps/scalable,system-suspend.svg,symlink,./gnome-session-suspend.svg,27
apps/scalable,preferences-desktop-accessibility.svg,svg,,3416
apps/scalable,gpicview.svg,symlink,./eog.svg,9
apps/scalable,gnome-calculator.svg,symlink,./accessories-calculator.svg,28
apps/scalable,system-switch-user.svg,symlink,./gnome-session-switch.svg,26
apps/scalable,preferences-desktop-keyboard.svg,symlink,../../devices/scalable/keyboard.svg,35
apps/scalable,gnome-monitor.svg,symlink,./utilities-system-monitor.svg,30
apps/scalable,xfce4-backdrop.svg,symlink,./preferences-desktop-wallpaper.svg,35
apps/scalable,applets-screenshooter.svg,symlink,./gnome-screenshot.svg,22
apps/scalable,mpv.svg,svg,,4476
apps/scalable,libreoffice-draw.svg,svg,,9360
apps/scalable,gnome-xterm.svg,symlink,./utilities-terminal.svg,24
apps/scalable,software-properties.svg,svg,,5330
apps/scalable,eog.svg,svg,,4685
apps/scalable,preferences-system-power-management.svg,symlink,../../devices/scalable/battery.svg,34
apps/scalable,preferences-desktop-wallpaper.svg,svg,,43525
apps/scalable,flegita.svg,symlink,../../devices/scalable/scanner.svg,34
apps/scalable,file-manager.svg,symlink,./system-file-manager.svg,25
apps/scalable,xecurebrowser.svg,symlink,./x-browser.svg,15
apps/scalable,scim-setup.svg,svg,,11933
apps/scalable,multimedia-volume-control.svg,symlink,./preferences-desktop-sound.svg,31
apps/scalable,korganizer.svg,symlink,./evolution-calendar.svg,24
apps/scalable,logview.svg,symlink,./logviewer.svg,15
apps/scalable,utilities-system-monitor.svg,svg,,5568
apps/scalable,xfce-sound.svg,symlink,./preferences-desktop-sound.svg,31
apps/scalable,catfish.svg,symlink,../../actions/scalable/system-search.svg,40
apps/scalable,firefox.svg,svg,,29101
apps/scalable,system-file-manager.svg,svg,,4913
apps/scalable,libreoffice-calc.svg,svg,,7247
apps/scalable,opera-widget.svg,symlink,./opera-widget-manager.svg,26
apps/scalable,gnome-nettool.svg,svg,,7747
apps/scalable,atom.svg,svg,,7516
apps/scalable,sublime.svg,svg,,10131
apps/scalable,gnome-session-sleep.svg,symlink,./gnome-session-suspend.svg,27
apps/scalable,screenie.svg,symlink,./gnome-screenshot.svg,22
apps/scalable,multisystem-vbox.svg,symlink,./virtualbox.svg,16
apps/scalable,gnome-sound-properties.svg,symlink,./preferences-desktop-sound.svg,31
apps/scalable,org.gnome.Cheese.svg,symlink,./cheese.svg,12
apps/scalable,libreoffice-base.svg,svg,,7079
apps/scalable,ax-applet.svg,symlink,./preferences-desktop-accessibility.svg,39
apps/scalable,bash.svg,symlink,./utilities-terminal.svg,24
apps/scalable,chromium.svg,symlink,./chromium-browser.svg,22
apps/scalable,libreoffice-template.svg,symlink,./libreoffice-main.svg,22
apps/scalable,gnome-term.svg,symlink,./utilities-terminal.svg,24
apps/scalable,multimedia-photo-viewer.svg,symlink,./eog.svg,9
apps/scalable,libreoffice-math.svg,svg,,2502
apps/scalable,konsole.svg,symlink,./utilities-terminal.svg,24
apps/scalable,preferences-color.svg,svg,,4532
apps/scalable,kmousetool.svg,symlink,../../devices/scalable/input-mouse.svg,38
apps/scalable,gkamus.svg,svg,,5521
apps/scalable,preferences-system-search.svg,svg,,3852
apps/scalable,system-config-displayca.svg,symlink,./gnome-display-properties.svg,30
apps/scalable,xfsm-reboot.svg,symlink,./gnome-session-reboot.svg,26
apps/scalable,opera-browser.svg,symlink,./opera.svg,11
apps/scalable,gnome-calendar.svg,symlink,./evolution-calendar.svg,24
apps/scalable,blueradio-48.svg,symlink,./preferences-system-bluetooth.svg,34
apps/scalable,unity-power-panel.svg,symlink,../../devices/scalable/battery.svg,34
apps/scalable,nautilus-cd-burner.svg,symlink,./brasero.svg,13
apps/scalable,libreoffice5.0-calc.svg,symlink,./libreoffice-calc.svg,22
apps/scalable,xfsm-suspend.svg,symlink,./gnome-session-suspend.svg,27
apps/scalable,hotwire.svg,symlink,./utilities-terminal.svg,24
apps/scalable,chromium-browser.svg,svg,,6731
apps/scalable,code.svg,svg,,6214
apps/scalable,google-chrome.svg,svg,,8069
apps/scalable,org.gnome.Software.svg,svg,,6615
apps/scalable,audacious.svg,svg,,4575
apps/scalable,firefox-4.0.svg,symlink,./firefox.svg,13
apps/scalable,utilities-file-archiver.svg,symlink,./file-roller.svg,17
apps/scalable,brasero.svg,svg,,10210
apps/scalable,orage_globaltime.svg,symlink,./evolution-calendar.svg,24
apps/scalable,network-workgroup.svg,svg,,2717
apps/scalable,VBox.svg,symlink,./virtualbox.svg,16
apps/scalable,logviewer.svg,svg,,170971
apps/scalable,control-center2.svg,symlink,../../categories/scalable/preferences-desktop.svg,49
apps/scalable,amarok.svg,svg,,7202
apps/scalable,gnome-screenshot.svg,svg,,5661
apps/scalable,orca.svg,symlink,./preferences-desktop-accessibility.svg,39
apps/scalable,Xecure-Browser.svg,symlink,./x-browser.svg,15
apps/scalable,libreoffice34-impress.svg,symlink,./libreoffice-impress.svg,25
apps/scalable,libreoffice3-writer.svg,symlink,./libreoffice-writer.svg,24
apps/scalable,evolution-calendar.svg,svg,,7405
apps/scalable,multisystem-liveusb.svg,svg,,14170
apps/scalable,libreoffice34-writer.svg,symlink,./libreoffice-writer.svg,24
apps/scalable,security.svg,svg,,5781
apps/scalable,xfburn.svg,symlink,./brasero.svg,13
apps/scalable,libreoffice3-template.svg,symlink,./libreoffice-main.svg,22
apps/scalable,galculator.svg,symlink,./accessories-calculator.svg,28
apps/scalable,Terminal.svg,symlink,./utilities-terminal.svg,24
apps/scalable,gnome-session-suspend.svg,svg,,2194
apps/scalable,preferences_system_power_management.svg,symlink,../../devices/scalable/battery.svg,34
apps/scalable,xarchiver.svg,symlink,./file-roller.svg,17
apps/scalable,cups.svg,symlink,../../devices/scalable/printer.svg,34
apps/scalable,geoblankon-peta.svg,svg,,60721
apps/scalable,bluetooth.svg,symlink,./preferences-system-bluetooth.svg,34
apps/scalable,gnome-audio.svg,symlink,./preferences-desktop-sound.svg,31
apps/scalable,vlc.svg,svg,,6168
apps/scalable,system-users.svg,symlink,./config-users.svg,18
apps/scalable,X-browser.svg,symlink,./x-browser.svg,15
apps/scalable,openterm.svg,symlink,./utilities-terminal.svg,24
apps/scalable,anydesk.svg,svg,,5501
apps/scalable,goa-panel.svg,svg,,6309
apps/scalable,xfsm-shutdown.svg,symlink,./gnome-shutdown.svg,20
apps/scalable,gnome-session-logout.svg,symlink,./gnome-logout.svg,18
apps/scalable,pyneighborhood_48x48.svg,symlink,../../places/scalable/network-workgroup.svg,43
apps/scalable,preferences-desktop-multimedia.svg,symlink,./preferences-desktop-sound.svg,31
apps/scalable,blueradio.svg,symlink,./preferences-system-bluetooth.svg,34
apps/scalable,baobab.svg,svg,,8643
apps/scalable,cheese.svg,svg,,12551
apps/scalable,libreoffice3-impress.svg,symlink,./libreoffice-impress.svg,25
apps/scalable,gnome-session-switch.svg,svg,,2413
apps/scalable,bluetooth-48.svg,symlink,./preferences-system-bluetooth.svg,34
apps/scalable,midori.svg,svg,,5599
apps/scalable,libreoffice34-base.svg,symlink,./libreoffice-base.svg,22
apps/scalable,libreoffice5.0-writer.svg,symlink,./libreoffice-writer.svg,24
apps/scalable,gnome-word.svg,symlink,./accessories-text-editor.svg,29
apps/scalable,system-installer.svg,symlink,./synaptic.svg,14
apps/scalable,nautilus.svg,symlink,./system-file-manager.svg,25
apps/scalable,power.svg,symlink,../../devices/scalable/battery.svg,34
apps/scalable,file-roller.svg,svg,,12481
apps/scalable,system-config-display.svg,symlink,./gnome-display-properties.svg,30
apps/scalable,gksu-root-terminal.svg,svg,,4024
apps/scalable,org.gnome.Calendar.svg,symlink,./evolution-calendar.svg,24
apps/scalable,kedit.svg,symlink,./accessories-text-editor.svg,29
apps/scalable,libreoffice5.0-impress.svg,symlink,./libreoffice-impress.svg,25
apps/scalable,calc.svg,symlink,./accessories-calculator.svg,28
apps/scalable,gnome-system-monitor.svg,symlink,./utilities-system-monitor.svg,30
apps/scalable,gnome-volume-control.svg,symlink,./preferences-desktop-sound.svg,31
apps/scalable,key-mon.svg,svg,,11116
apps/scalable,xfce-terminal.svg,symlink,./utilities-terminal.svg,24
apps/scalable,gnome-logout.svg,svg,,2163
apps/scalable,boot.svg,symlink,./gnome-shutdown.svg,20
apps/scalable,libreoffice3-calc.svg,symlink,./libreoffice-calc.svg,22
apps/scalable,utilities-log-viewer.svg,symlink,./logviewer.svg,15
apps/scalable,xfce-edit.svg,symlink,./accessories-text-editor.svg,29
apps/scalable,goa-account.svg,symlink,./goa-panel.svg,15
apps/scalable,libreoffice34-template.svg,symlink,./libreoffice-main.svg,22
apps/scalable,ximian-evolution-calendar.svg,symlink,./evolution-calendar.svg,24
apps/scalable,gnome-shutdown.svg,svg,,2169
apps/scalable,preferences-system-bluetooth.svg,svg,,2824
apps/scalable,libreoffice5.0-draw.svg,symlink,./libreoffice-draw.svg,22
apps/scalable,gnome-display-properties.svg,svg,,5602
apps/scalable,Etermutilities-terminal.svg,symlink,./utilities-terminal.svg,24
apps/scalable,x-browser.svg,svg,,207507
apps/scalable,system-shut-down.svg,symlink,./gnome-shutdown.svg,20
apps/scalable,sleep.svg,symlink,./gnome-session-suspend.svg,27
apps/scalable,mtpaint.svg,symlink,./gimp.svg,10
apps/scalable,bluetoothradio.svg,symlink,./preferences-system-bluetooth.svg,34
apps/scalable,evince.svg,svg,,2999
apps/scalable,unity-display-panel.svg,symlink,./gnome-display-properties.svg,30
apps/scalable,libreoffice3-draw.svg,symlink,./libreoffice-draw.svg,22
apps/scalable,config-users.svg,svg,,5862
apps/scalable,preferences-system-time.svg,symlink,./time-admin.svg,16
apps/scalable,opera-widget-manager.svg,svg,,5531
apps/scalable,system-suspend-hibernate.svg,symlink,./gnome-session-hibernate.svg,29
apps/scalable,praat.svg,svg,,4331
apps/scalable,libreoffice-startcenter.svg,symlink,./libreoffice-main.svg,22
apps/scalable,synapse.svg,svg,,4983
apps/scalable,preferences-desktop-locale.svg,svg,,61382
apps/scalable,libreoffice34-draw.svg,symlink,./libreoffice-draw.svg,22
apps/scalable,ristretto.svg,symlink,./eog.svg,9
apps/scalable,blankon-installer.svg,svg,,13728
apps/scalable,office-calendar.svg,symlink,./evolution-calendar.svg,24
apps/scalable,gkdebconf.svg,symlink,../../categories/scalable/preferences-desktop.svg,49
apps/scalable,xbrowser.svg,symlink,./x-browser.svg,15
apps/scalable,lxterminal.svg,symlink,./utilities-terminal.svg,24
apps/scalable,libreoffice34-startcenter.svg,symlink,./libreoffice-main.svg,22
apps/scalable,system-hibernate.svg,symlink,./gnome-session-hibernate.svg,29
apps/scalable,libreoffice5.0-template.svg,symlink,./libreoffice-main.svg,22
apps/scalable,gnome-session-hibernate.svg,svg,,2184
apps/scalable,internet-mail.svg,symlink,../../actions/scalable/mail-send.svg,36
apps/scalable,xfsm-logout.svg,symlink,./gnome-logout.svg,18
apps/scalable,text-editor.svg,symlink,./accessories-text-editor.svg,29
apps/scalable,libreoffice-impress.svg,svg,,4310
apps/scalable,redhat-server_settings.svg,symlink,../../categories/scalable/preferences-desktop.svg,49
apps/scalable,gthumb.svg,symlink,./eog.svg,9
apps/scalable,paprefs.svg,symlink,../../categories/scalable/preferences-desktop.svg,49
apps/scalable,corebird.svg,svg,,4381
apps/scalable,geary.svg,svg,,6972
apps/scalable,mozilla-firefox.svg,symlink,./firefox.svg,13
apps/scalable,preferences-system-privacy.svg,symlink,./security.svg,14
apps/scalable,k3b.svg,symlink,./brasero.svg,13
apps/scalable,gnome-networktool.svg,symlink,./gnome-nettool.svg,19
apps/scalable,gnome-eterm.svg,symlink,./utilities-terminal.svg,24
apps/scalable,gedit.svg,symlink,./accessories-text-editor.svg,29
apps/scalable,virtualbox.svg,svg,,2984
apps/scalable,time-admin.svg,svg,,9852
apps/scalable,gnome-power-statistics.svg,symlink,../../devices/scalable/battery.svg,34
apps/scalable,screenie-qt.svg,symlink,./gnome-screenshot.svg,22
apps/scalable,palimpsest.svg,svg,,4905
apps/scalable,notification-area.svg,symlink,./notifications.svg,19
apps/scalable,un-reboot.svg,symlink,./gnome-session-reboot.svg,26
apps/scalable,blueman.svg,symlink,./preferences-system-bluetooth.svg,34
apps/scalable,gnome-log-out.svg,symlink,./gnome-logout.svg,18
apps/scalable,config-language.svg,symlink,./preferences-desktop-locale.svg,32
apps/scalable,libreoffice-writer.svg,svg,,6886
apps/scalable,inkscape.svg,svg,,3343
apps/scalable,gpk-repo.svg,symlink,./software-properties.svg,25
apps/scalable,system-config-users.svg,symlink,./config-users.svg,18
apps/scalable,libreoffice-main.svg,svg,,3459
apps/scalable,kfm.svg,symlink,./system-file-manager.svg,25
apps/scalable,opera.svg,svg,,2966
actions/16,gtk-print.png,png,,526
actions/16,gtk-undo-ltr.png,png,,406
actions/16,zoom-fit.png,png,,498
actions/16,rotate.png,png,,532
actions/16,stock_media-stop.png,png,,249
actions/16,mail-replied.png,png,,514
actions/16,stock_media-prev.png,png,,495
actions/16,media-optical-video-new.png,png,,810
actions/16,media.png,png,,314
actions/16,go-first.png,png,,449
actions/16,tab_new.png,png,,465
actions/16,media-record.png,png,,365
actions/16,previous.png,png,,372
actions/16,gtk-cancel.png,png,,666
actions/16,undo.png,png,,406
actions/16,stock_paste.png,png,,396
actions/16,document-new.png,png,,456
actions/16,gtk-spell-check.png,png,,624
actions/16,gnome-stock-mail-snd.png,png,,818
actions/16,stock_left.png,png,,372
actions/16,stock_media-rec.png,png,,365
actions/16,gtk-refresh.png,png,,556
actions/16,gtk-ok.png,png,,420
actions/16,gtk-select-all.png,png,,484
actions/16,gnome-stock-text-indent.png,png,,407
actions/16,fileprint.png,png,,526
actions/16,stock_bottom.png,png,,409
actions/16,filesave.png,png,,502
actions/16,stock_new-dir.png,png,,413
actions/16,view-sort-ascending.png,png,,550
actions/16,object-rotate-left.png,png,,538
actions/16,stock_delete.png,png,,639
actions/16,mail-read.png,png,,409
actions/16,view-list-icons.png,png,,537
actions/16,view-refresh.png,png,,556
actions/16,gtk-media-previous-ltr.png,png,,495
actions/16,gtk-justify-center.png,png,,438
actions/16,visualization.png,png,,552
actions/16,gtk-jump-to-ltr.png,png,,470
actions/16,gtk-zoom-fit.png,png,,498
actions/16,gtk-goto-top.png,png,,411
actions/16,system-run.png,png,,524
actions/16,object-flip-vertical.png,png,,337
actions/16,document-print-preview.png,png,,670
actions/16,stock_mail-send-receive.png,png,,442
actions/16,gtk-media-next-rtl.png,png,,495
actions/16,mail_replyall.png,png,,565
actions/16,editcopy.png,png,,394
actions/16,process-stop.png,png,,666
actions/16,reload.png,png,,556
actions/16,gtk-remove.png,png,,639
actions/16,player_pause.png,png,,334
actions/16,list-add.png,png,,317
actions/16,gtk-quit.png,png,,635
actions/16,player_record.png,png,,365
actions/16,document-open-recent.png,png,,548
actions/16,edit-find-replace.png,png,,603
actions/16,media-optical-data-new.png,png,,783
actions/16,gtk-go-forward-ltr.png,png,,377
actions/16,edit-select-all.png,png,,484
actions/16,media-playback-pause.png,png,,334
actions/16,stock_help-add-bookmark.png,png,,437
actions/16,gtk-go-forward-rtl.png,png,,372
actions/16,mail_reply.png,png,,514
actions/16,gtk-goto-first-rtl.png,png,,452
actions/16,gtk-cut.png,png,,497
actions/16,stock_about.png,png,,688
actions/16,media-optical-audio-new.png,png,,809
actions/16,top.png,png,,411
actions/16,gtk-zoom-in.png,png,,592
actions/16,format-text-italic.png,png,,598
actions/16,gtk-justify-left.png,png,,376
actions/16,media-playlist-shuffle.png,png,,518
actions/16,redhat-home.png,png,,521
actions/16,package-install.png,png,,444
actions/16,folder-move.png,png,,406
actions/16,gtk-goto-last-rtl.png,png,,449
actions/16,help-contents.png,png,,672
actions/16,locationbar-erase.png,png,,506
actions/16,gtk-print-preview.png,png,,670
actions/16,text_strike.png,png,,532
actions/16,stock_zoom-out.png,png,,545
actions/16,go-jump.png,png,,470
actions/16,gtk-go-up.png,png,,383
actions/16,insert-text.png,png,,529
actions/16,im-message-new.png,png,,360
actions/16,player_play.png,png,,314
actions/16,gtk-add.png,png,,317
actions/16,mail-folder-sent.png,png,,818
actions/16,audio-cd-duplicate.png,png,,588
actions/16,stock_fullscreen.png,png,,500
actions/16,stock_down.png,png,,423
actions/16,format-text-direction-ltr.png,png,,482
actions/16,format-text-bold.png,png,,583
actions/16,stock_close.png,png,,551
actions/16,gtk-delete.png,png,,639
actions/16,add.png,png,,317
actions/16,go-previous.png,png,,372
actions/16,format-justify-center.png,png,,438
actions/16,ok.png,png,,420
actions/16,gnome-session-logout.png,png,,489
actions/16,stock_new-appointment.png,png,,629
actions/16,gtk-sort-descending.png,png,,500
actions/16,gtk-bold.png,png,,583
actions/16,go-last.png,png,,452
actions/16,mail-message-new.png,png,,409
actions/16,filesaveas.png,png,,554
actions/16,format-text-direction-rtl.png,png,,471
actions/16,rightjust.png,png,,368
actions/16,zoom-fit-best.png,png,,498
actions/16,mail-send-receive.png,png,,442
actions/16,gtk-revert-to-saved-rtl.png,png,,575
actions/16,gnome-app-install-star.png,png,,606
actions/16,go-home.png,png,,521
actions/16,stock_zoom-page.png,png,,498
actions/16,object-rotate-right.png,png,,532
actions/16,editdelete.png,png,,639
actions/16,gtk-zoom-100.png,png,,570
actions/16,stock_select-all.png,png,,484
actions/16,text_bold.png,png,,583
actions/16,view-restore.png,png,,522
actions/16,window_fullscreen.png,png,,500
actions/16,object-flip-horizontal.png,png,,263
actions/16,application-exit.png,png,,635
actions/16,edit-undo.png,png,,406
actions/16,view-list-compact.png,png,,437
actions/16,add-folder-to-archive.png,png,,468
actions/16,media-optical-burn.png,png,,563
actions/16,stock_copy.png,png,,394
actions/16,gtk-info.png,png,,688
actions/16,mail_forward.png,png,,518
actions/16,media-optical-copy.png,png,,588
actions/16,editclear.png,png,,506
actions/16,media-playlist-repeat.png,png,,494
actions/16,mail-sent.png,png,,818
actions/16,gtk-clear.png,png,,506
actions/16,finish.png,png,,452
actions/16,browser-download.png,png,,502
actions/16,document-print.png,png,,526
actions/16,document-save.png,png,,502
actions/16,stock_text_unindent.png,png,,395
actions/16,edit-copy.png,png,,394
actions/16,format-text-underline.png,png,,450
actions/16,gtk-goto-bottom.png,png,,409
actions/16,go-bottom.png,png,,409
actions/16,document-send.png,png,,398
actions/16,stock_media-play.png,png,,314
actions/16,podcast-new.png,png,,558
actions/16,help-about.png,png,,688
actions/16,edit-paste.png,png,,396
actions/16,stock_properties.png,png,,489
actions/16,mail-inbox.png,png,,571
actions/16,gnome-stock-mail-new.png,png,,409
actions/16,gtk-no.png,png,,507
actions/16,mail-mark-notjunk.png,png,,553
actions/16,document-import.png,png,,490
actions/16,gnome-searchtool.png,png,,752
actions/16,games-endturn.png,png,,420
actions/16,gtk-edit.png,png,,490
actions/16,gtk-fullscreen.png,png,,500
actions/16,exit.png,png,,635
actions/16,gtk-goto-first-ltr.png,png,,449
actions/16,gtk-save-as.png,png,,554
actions/16,rhythmbox-set-star.png,png,,606
actions/16,stock_attach.png,png,,618
actions/16,system-search.png,png,,752
actions/16,down.png,png,,423
actions/16,stock_zoom-1.png,png,,570
actions/16,tag-new.png,png,,563
actions/16,stock_right.png,png,,377
actions/16,stock_outbox.png,png,,572
actions/16,filefind.png,png,,538
actions/16,gtk-copy.png,png,,394
actions/16,viewmag1.png,png,,570
actions/16,gnome-run.png,png,,524
actions/16,stock_text_justify.png,png,,377
actions/16,stock_yes.png,png,,448
actions/16,bookmark-new.png,png,,437
actions/16,stock_media-pause.png,png,,334
actions/16,gtk-redo-ltr.png,png,,410
actions/16,mail-mark-not-junk.png,png,,553
actions/16,folder-copy.png,png,,401
actions/16,stock_folder-copy.png,png,,401
actions/16,mail-mark-read.png,png,,409
actions/16,media-playback-stop.png,png,,249
actions/16,audio-cd-new.png,png,,809
actions/16,xfsm-logout.png,png,,489
actions/16,edit-clear.png,png,,506
actions/16,player_end.png,png,,501
actions/16,bookmark_add.png,png,,437
actions/16,gtk-underline.png,png,,450
actions/16,stock_text_italic.png,png,,598
actions/16,stock_text_left.png,png,,376
actions/16,window-new.png,png,,501
actions/16,gtk-execute.png,png,,524
actions/16,stock_cut.png,png,,497
actions/16,stock_mark.png,png,,370
actions/16,gtk-go-down.png,png,,423
actions/16,stock_bookmark.png,png,,518
actions/16,stock_print-preview.png,png,,670
actions/16,gtk-leave-fullscreen.png,png,,522
actions/16,gtk-zoom-out.png,png,,545
actions/16,stock_save-as.png,png,,554
actions/16,stock_stop.png,png,,666
actions/16,zoom-original.png,png,,570
actions/16,stock_folder-move.png,png,,406
actions/16,format-indent-less.png,png,,395
actions/16,gnome-log-out.png,png,,489
actions/16,call-stop.png,png,,349
actions/16,stock_text_center.png,png,,438
actions/16,lxde-logout.png,png,,489
actions/16,stock_folder-properties.png,png,,489
actions/16,stock_file-properties.png,png,,489
actions/16,reload_page.png,png,,556
actions/16,contact-new.png,png,,628
actions/16,gnome-stock-mail-rpl.png,png,,514
actions/16,player_start.png,png,,495
actions/16,gtk-open.png,png,,415
actions/16,gtk-goto-last-ltr.png,png,,452
actions/16,zoom-best-fit.png,png,,498
actions/16,folder_new.png,png,,413
actions/16,gtk-media-previous-rtl.png,png,,501
actions/16,tools-check-spelling.png,png,,624
actions/16,stock_spellcheck.png,png,,624
actions/16,find.png,png,,538
actions/16,cab_extract.png,png,,405
actions/16,stock_search.png,png,,538
actions/16,edit-cut.png,png,,497
actions/16,stock_text_bold.png,png,,583
actions/16,gnome-stock-text-unindent.png,png,,395
actions/16,stock_mail-forward.png,png,,518
actions/16,appointment.png,png,,629
actions/16,stock_new-text.png,png,,456
actions/16,mail-mark-important.png,png,,533
actions/16,gtk-apply.png,png,,370
actions/16,zoom-out.png,png,,545
actions/16,media-playback-start.png,png,,0
actions/16,leftjust.png,png,,376
actions/16,kfind.png,png,,752
actions/16,gtk-find-and-replace.png,png,,603
actions/16,system-shutdown.png,png,,479
actions/16,reload_all_tabs.png,png,,556
actions/16,mail_new.png,png,,409
actions/16,appointment-new.png,png,,629
actions/16,player_stop.png,png,,249
actions/16,up.png,png,,383
actions/16,media-skip-backward.png,png,,495
actions/16,stock_search-and-replace.png,png,,603
actions/16,insert-object.png,png,,374
actions/16,stock_calc-accept.png,png,,370
actions/16,gtk-strikethrough.png,png,,532
actions/16,gtk-jump-to-rtl.png,png,,470
actions/16,stock_mail-compose.png,png,,409
actions/16,gtk-media-stop.png,png,,249
actions/16,bonobo-component-browser.png,png,,524
actions/16,forward.png,png,,377
actions/16,stock_text_indent.png,png,,407
actions/16,stock_home.png,png,,521
actions/16,gtk-about.png,png,,688
actions/16,mail-unread.png,png,,518
actions/16,gtk-italic.png,png,,598
actions/16,add-files-to-archive.png,png,,526
actions/16,mail_send.png,png,,818
actions/16,stock_new-window.png,png,,501
actions/16,gnome-stock-mail-fwd.png,png,,518
actions/16,edit-delete.png,png,,639
actions/16,stock_leave-fullscreen.png,png,,522
actions/16,view-sort-descending.png,png,,500
actions/16,gtk-indent-ltr.png,png,,407
actions/16,edit-find.png,png,,538
actions/16,preview-file.png,png,,670
actions/16,insert-image.png,png,,485
actions/16,gtk-media-record.png,png,,365
actions/16,gtk-home.png,png,,521
actions/16,window_nofullscreen.png,png,,522
actions/16,document-properties.png,png,,489
actions/16,gtk-close.png,png,,551
actions/16,stock_new-tab.png,png,,465
actions/16,mail-attachment.png,png,,618
actions/16,insert-link.png,png,,433
actions/16,text_italic.png,png,,598
actions/16,bottom.png,png,,409
actions/16,view-fullscreen.png,png,,500
actions/16,start.png,png,,449
actions/16,window-close.png,png,,551
actions/16,redo.png,png,,410
actions/16,stock_save.png,png,,502
actions/16,gtk-properties.png,png,,489
actions/16,stock_text_underlined.png,png,,450
actions/16,gtk-media-play-ltr.png,png,,314
actions/16,gtk-unindent-rtl.png,png,,407
actions/16,gohome.png,png,,521
actions/16,stock_repeat.png,png,,494
actions/16,media-skip-forward.png,png,,501
actions/16,stock_new-bcard.png,png,,628
actions/16,mail-mark-unread.png,png,,518
actions/16,internet-radio-new.png,png,,475
actions/16,gtk-paste.png,png,,396
actions/16,stock_undo.png,png,,406
actions/16,stock_mail-reply.png,png,,514
actions/16,mail-reply-all.png,png,,565
actions/16,media-write-cd.png,png,,563
actions/16,document-revert.png,png,,575
actions/16,format-justify-right.png,png,,368
actions/16,edit-add.png,png,,317
actions/16,gtk-revert-to-saved-ltr.png,png,,575
actions/16,stock_up.png,png,,383
actions/16,reload3.png,png,,556
actions/16,stock_top.png,png,,411
actions/16,document-open.png,png,,415
actions/16,fileopen.png,png,,415
actions/16,stock_text-strikethrough.png,png,,532
actions/16,gtk-media-next-ltr.png,png,,501
actions/16,xfce-system-lock.png,png,,651
actions/16,dialog-ok.png,png,,420
actions/16,system-upgrade.png,png,,619
actions/16,stock_text_right.png,png,,368
actions/16,format-justify-left.png,png,,376
actions/16,editcut.png,png,,497
actions/16,gtk-indent-rtl.png,png,,395
actions/16,call-start.png,png,,465
actions/16,gtk-unindent-ltr.png,png,,395
actions/16,remove.png,png,,639
actions/16,text_under.png,png,,450
actions/16,media-eject.png,png,,355
actions/16,package-upgrade.png,png,,534
actions/16,mail-forward.png,png,,518
actions/16,iso-image-burn.png,png,,563
actions/16,kfm-home.png,png,,521
actions/16,go-top.png,png,,411
actions/16,stock-refresh.png,png,,556
actions/16,stock_last.png,png,,452
actions/16,editpaste.png,png,,396
actions/16,viewmag-.png,symlink,./zoom-out.png,14
actions/16,gtk-media-pause.png,png,,334
actions/16,stock_shuffle.png,png,,518
actions/16,document-save-as.png,png,,554
actions/16,window_new.png,png,,501
actions/16,dialog-no.png,png,,507
actions/16,stock_no.png,png,,507
actions/16,next.png,symlink,./go-next.png,13
actions/16,go-down.png,png,,423
actions/16,player-eject.png,png,,355
actions/16,stock_add-bookmark.png,png,,437
actions/16,go-up.png,png,,383
actions/16,mail-outbox.png,png,,572
actions/16,stock_zoom-in.png,png,,592
actions/16,viewmag+.png,png,,592
actions/16,go-next.png,png,,377
actions/16,stop.png,png,,666
actions/16,revert.png,png,,575
actions/16,document-page-setup.png,png,,459
actions/16,file_new.png,png,,456
actions/16,media-import-audio-cd.png,png,,604
actions/16,format-indent-more.png,png,,407
actions/16,bookmark_list_add.png,png,,437
actions/16,edit-redo.png,png,,410
actions/16,stock_inbox.png,png,,571
actions/16,viewmagfit.png,png,,498
actions/16,gtk-new.png,png,,456
actions/16,gnome-lockscreen.png,png,,651
actions/16,centrejust.png,png,,438
actions/16,mail-send.png,png,,818
actions/16,mail-reply-sender.png,png,,514
actions/16,dialog-apply.png,png,,370
actions/16,stock_mail-send.png,png,,818
actions/16,stock_first.png,png,,449
actions/16,gtk-stop.png,png,,666
actions/16,zoom-in.png,png,,592
actions/16,gtk-find.png,png,,538
actions/16,stock_redo.png,png,,410
actions/16,stock_print-setup.png,png,,459
actions/16,dialog-yes.png,png,,448
actions/16,gtk-yes.png,png,,448
actions/16,lock.png,png,,385
actions/16,stock_media-next.png,png,,501
actions/16,search.png,png,,752
actions/16,xfce-system-exit.png,png,,479
actions/16,format-justify-fill.png,png,,377
actions/16,stock_sent-mail.png,png,,818
actions/16,gtk-justify-right.png,png,,368
actions/16,gtk-go-back-rtl.png,png,,377
actions/16,extract-archive.png,png,,405
actions/16,format-text-strikethrough.png,png,,532
actions/16,gtk-save.png,png,,502
actions/16,back.png,png,,372
actions/16,document-export.png,png,,478
actions/16,gtk-sort-ascending.png,png,,550
actions/16,list-remove.png,png,,639
actions/16,stock_mail-reply-to-all.png,png,,565
actions/16,view-list-details.png,png,,284
actions/16,folder-new.png,png,,413
actions/16,tab-new.png,png,,465
actions/16,gtk-justify-fill.png,png,,377
actions/16,system-log-out.png,png,,489
actions/16,system-lock-screen.png,png,,651
actions/16,package-remove.png,png,,548
actions/16,gtk-go-back-ltr.png,png,,372
actions/16,mail-mark-junk.png,png,,587
actions/16,gnome-logout.png,png,,489
actions/16,stock_mail-filters-apply.png,png,,370
actions/16,star.png,png,,606
actions/16,stock_print.png,png,,526
actions/24,mail-replied.png,png,,909
actions/24,tab_new.png,png,,601
actions/24,gtk-spell-check.png,png,,1035
actions/24,gnome-stock-mail-snd.png,symlink,./mail-send.png,15
actions/24,stock_bottom.png,symlink,./go-bottom.png,15
actions/24,stock_new-dir.png,symlink,./folder-new.png,16
actions/24,mail-read.png,symlink,./mail-mark-read.png,20
actions/24,gtk-justify-center.png,symlink,./format-justify-center.png,27
actions/24,editcopy.png,png,,514
actions/24,gtk-remove.png,png,,1012
actions/24,stock_help-add-bookmark.png,symlink,./bookmark-new.png,18
actions/24,gtk-goto-first-rtl.png,symlink,./go-last.png,13
actions/24,gtk-zoom-in.png,symlink,./zoom-in.png,13
actions/24,redhat-home.png,png,,752
actions/24,gtk-goto-last-rtl.png,png,,582
actions/24,mail-folder-sent.png,symlink,./mail-send.png,15
actions/24,add.png,png,,361
actions/24,format-justify-center.png,png,,560
actions/24,stock_new-appointment.png,png,,976
actions/24,gtk-sort-descending.png,png,,744
actions/24,go-last.png,png,,609
actions/24,zoom-fit-best.png,png,,797
actions/24,editdelete.png,png,,1012
actions/24,text_bold.png,png,,847
actions/24,gtk-info.png,png,,1260
actions/24,editclear.png,png,,752
actions/24,mail-sent.png,symlink,./mail-send.png,15
actions/24,finish.png,png,,609
actions/24,stock_text_unindent.png,png,,513
actions/24,format-text-underline.png,png,,735
actions/24,gtk-goto-bottom.png,symlink,./go-bottom.png,15
actions/24,go-bottom.png,png,,537
actions/24,document-send.png,png,,445
actions/24,gnome-searchtool.png,symlink,./system-search.png,19
actions/24,stock_attach.png,png,,968
actions/24,system-search.png,png,,1315
actions/24,stock_outbox.png,symlink,./mail-outbox.png,17
actions/24,viewmag1.png,png,,923
actions/24,gnome-run.png,png,,809
actions/24,stock_yes.png,png,,667
actions/24,bookmark-new.png,png,,548
actions/24,mail-mark-read.png,png,,755
actions/24,bookmark_add.png,symlink,./bookmark-new.png,18
actions/24,gtk-underline.png,symlink,./format-text-underline.png,27
actions/24,stock_bookmark.png,png,,719
actions/24,gtk-leave-fullscreen.png,png,,694
actions/24,stock_save-as.png,png,,773
actions/24,stock_text_center.png,png,,560
actions/24,gnome-stock-mail-rpl.png,png,,909
actions/24,player_start.png,png,,756
actions/24,gtk-goto-last-ltr.png,png,,609
actions/24,folder_new.png,png,,573
actions/24,stock_spellcheck.png,png,,1035
actions/24,cab_extract.png,png,,620
actions/24,stock_mail-forward.png,png,,894
actions/24,appointment.png,png,,976
actions/24,kfind.png,symlink,./system-search.png,19
actions/24,player_stop.png,png,,264
actions/24,insert-object.png,png,,521
actions/24,gtk-about.png,png,,1260
actions/24,mail_send.png,symlink,./mail-send.png,15
actions/24,view-sort-descending.png,png,,744
actions/24,preview-file.png,png,,1138
actions/24,gtk-media-record.png,png,,585
actions/24,gtk-close.png,png,,780
actions/24,mail-attachment.png,png,,968
actions/24,bottom.png,symlink,./go-bottom.png,15
actions/24,stock_text_underlined.png,symlink,./format-text-underline.png,27
actions/24,stock_repeat.png,png,,697
actions/24,stock_new-bcard.png,png,,1150
actions/24,gtk-media-next-ltr.png,png,,751
actions/24,text_under.png,png,,735
actions/24,iso-image-burn.png,png,,897
actions/24,stock_last.png,symlink,./go-last.png,13
actions/24,stock_no.png,png,,838
actions/24,player-eject.png,png,,459
actions/24,stock_add-bookmark.png,symlink,./bookmark-new.png,18
actions/24,mail-outbox.png,png,,971
actions/24,stock_zoom-in.png,symlink,./zoom-in.png,13
actions/24,viewmag+.png,symlink,./zoom-in.png,13
actions/24,revert.png,png,,788
actions/24,bookmark_list_add.png,png,,548
actions/24,gtk-new.png,png,,519
actions/24,centrejust.png,symlink,./format-justify-center.png,27
actions/24,mail-send.png,png,,1678
actions/24,stock_mail-send.png,symlink,./mail-send.png,15
actions/24,zoom-in.png,png,,975
actions/24,gtk-find.png,png,,840
actions/24,stock_media-next.png,png,,751
actions/24,search.png,symlink,./system-search.png,19
actions/24,stock_sent-mail.png,png,,1678
actions/24,folder-new.png,png,,573
actions/22,gtk-print.png,png,,698
actions/22,gtk-undo-ltr.png,png,,548
actions/22,zoom-fit.png,png,,730
actions/22,rotate.png,png,,811
actions/22,stock_media-stop.png,png,,304
actions/22,mail-replied.png,png,,807
actions/22,stock_media-prev.png,png,,695
actions/22,media-optical-video-new.png,png,,1378
actions/22,media.png,png,,414
actions/22,go-first.png,png,,528
actions/22,tab_new.png,png,,550
actions/22,media-record.png,png,,531
actions/22,previous.png,png,,505
actions/22,gtk-cancel.png,png,,949
actions/22,undo.png,png,,548
actions/22,stock_paste.png,png,,515
actions/22,document-new.png,png,,560
actions/22,gtk-spell-check.png,png,,959
actions/22,gnome-stock-mail-snd.png,png,,1497
actions/22,stock_left.png,png,,505
actions/22,stock_media-rec.png,png,,531
actions/22,gtk-refresh.png,png,,756
actions/22,gtk-ok.png,png,,533
actions/22,gtk-select-all.png,png,,623
actions/22,gnome-stock-text-indent.png,png,,479
actions/22,fileprint.png,png,,698
actions/22,stock_bottom.png,png,,485
actions/22,filesave.png,png,,596
actions/22,stock_new-dir.png,png,,556
actions/22,view-sort-ascending.png,png,,657
actions/22,object-rotate-left.png,png,,818
actions/22,stock_delete.png,png,,913
actions/22,mail-read.png,png,,663
actions/22,view-list-icons.png,png,,670
actions/22,view-refresh.png,png,,756
actions/22,gtk-media-previous-ltr.png,png,,695
actions/22,gtk-justify-center.png,png,,490
actions/22,visualization.png,png,,764
actions/22,gtk-jump-to-ltr.png,png,,616
actions/22,gtk-zoom-fit.png,png,,730
actions/22,gtk-goto-top.png,png,,527
actions/22,system-run.png,png,,799
actions/22,object-flip-vertical.png,png,,468
actions/22,document-print-preview.png,png,,1010
actions/22,stock_mail-send-receive.png,png,,581
actions/22,gtk-media-next-rtl.png,png,,695
actions/22,mail_replyall.png,png,,875
actions/22,editcopy.png,png,,505
actions/22,process-stop.png,png,,949
actions/22,reload.png,png,,756
actions/22,gtk-remove.png,png,,913
actions/22,player_pause.png,png,,437
actions/22,list-add.png,png,,322
actions/22,gtk-quit.png,png,,971
actions/22,player_record.png,png,,531
actions/22,document-open-recent.png,png,,700
actions/22,edit-find-replace.png,png,,858
actions/22,media-optical-data-new.png,png,,1318
actions/22,gtk-go-forward-ltr.png,png,,505
actions/22,edit-select-all.png,png,,623
actions/22,media-playback-pause.png,png,,437
actions/22,stock_help-add-bookmark.png,png,,499
actions/22,gtk-go-forward-rtl.png,png,,505
actions/22,mail_reply.png,png,,807
actions/22,gtk-goto-first-rtl.png,png,,555
actions/22,gtk-cut.png,png,,768
actions/22,stock_about.png,png,,1073
actions/22,media-optical-audio-new.png,png,,1379
actions/22,top.png,png,,527
actions/22,gtk-zoom-in.png,png,,851
actions/22,format-text-italic.png,png,,809
actions/22,gtk-justify-left.png,png,,437
actions/22,media-playlist-shuffle.png,png,,723
actions/22,redhat-home.png,png,,667
actions/22,package-install.png,png,,681
actions/22,folder-move.png,png,,489
actions/22,gtk-goto-last-rtl.png,png,,528
actions/22,help-contents.png,png,,1088
actions/22,locationbar-erase.png,png,,654
actions/22,gtk-print-preview.png,png,,1010
actions/22,text_strike.png,png,,741
actions/22,stock_zoom-out.png,png,,784
actions/22,go-jump.png,png,,616
actions/22,gtk-go-up.png,png,,508
actions/22,insert-text.png,png,,754
actions/22,im-message-new.png,png,,496
actions/22,player_play.png,png,,413
actions/22,gtk-add.png,png,,322
actions/22,mail-folder-sent.png,png,,1497
actions/22,audio-cd-duplicate.png,png,,849
actions/22,stock_fullscreen.png,png,,656
actions/22,stock_down.png,png,,466
actions/22,format-text-direction-ltr.png,png,,682
actions/22,format-text-bold.png,png,,727
actions/22,stock_close.png,png,,774
actions/22,gtk-delete.png,png,,913
actions/22,add.png,png,,322
actions/22,go-previous.png,png,,505
actions/22,format-justify-center.png,png,,490
actions/22,ok.png,png,,533
actions/22,gnome-session-logout.png,png,,671
actions/22,stock_new-appointment.png,png,,848
actions/22,gtk-sort-descending.png,png,,674
actions/22,gtk-bold.png,png,,727
actions/22,go-last.png,png,,555
actions/22,mail-message-new.png,png,,663
actions/22,filesaveas.png,png,,694
actions/22,format-text-direction-rtl.png,png,,670
actions/22,rightjust.png,png,,425
actions/22,zoom-fit-best.png,png,,730
actions/22,mail-send-receive.png,png,,581
actions/22,gtk-revert-to-saved-rtl.png,png,,720
actions/22,gnome-app-install-star.png,png,,915
actions/22,go-home.png,png,,667
actions/22,stock_zoom-page.png,png,,730
actions/22,object-rotate-right.png,png,,811
actions/22,editdelete.png,png,,913
actions/22,gtk-zoom-100.png,png,,821
actions/22,stock_select-all.png,png,,623
actions/22,text_bold.png,png,,727
actions/22,view-restore.png,png,,654
actions/22,window_fullscreen.png,png,,656
actions/22,object-flip-horizontal.png,png,,387
actions/22,application-exit.png,png,,971
actions/22,edit-undo.png,png,,548
actions/22,view-list-compact.png,png,,563
actions/22,add-folder-to-archive.png,png,,576
actions/22,media-optical-burn.png,png,,818
actions/22,stock_copy.png,png,,505
actions/22,gtk-info.png,png,,1073
actions/22,mail_forward.png,png,,793
actions/22,media-optical-copy.png,png,,849
actions/22,editclear.png,png,,654
actions/22,media-playlist-repeat.png,png,,694
actions/22,mail-sent.png,png,,1497
actions/22,gtk-clear.png,png,,654
actions/22,finish.png,png,,555
actions/22,browser-download.png,png,,596
actions/22,document-print.png,png,,698
actions/22,document-save.png,png,,596
actions/22,stock_text_unindent.png,png,,481
actions/22,edit-copy.png,png,,505
actions/22,format-text-underline.png,png,,677
actions/22,gtk-goto-bottom.png,png,,485
actions/22,go-bottom.png,png,,485
actions/22,document-send.png,png,,492
actions/22,stock_media-play.png,png,,413
actions/22,podcast-new.png,png,,863
actions/22,help-about.png,png,,1073
actions/22,edit-paste.png,png,,515
actions/22,stock_properties.png,png,,590
actions/22,mail-inbox.png,png,,898
actions/22,gnome-stock-mail-new.png,png,,663
actions/22,gtk-no.png,png,,788
actions/22,mail-mark-notjunk.png,png,,866
actions/22,document-import.png,png,,614
actions/22,gnome-searchtool.png,png,,1147
actions/22,games-endturn.png,png,,533
actions/22,gtk-edit.png,png,,676
actions/22,gtk-fullscreen.png,png,,656
actions/22,exit.png,png,,971
actions/22,gtk-goto-first-ltr.png,png,,528
actions/22,gtk-save-as.png,png,,694
actions/22,rhythmbox-set-star.png,png,,915
actions/22,stock_attach.png,png,,868
actions/22,system-search.png,png,,1147
actions/22,down.png,png,,466
actions/22,stock_zoom-1.png,png,,821
actions/22,tag-new.png,png,,780
actions/22,stock_right.png,png,,505
actions/22,stock_outbox.png,png,,904
actions/22,filefind.png,png,,763
actions/22,gtk-copy.png,png,,505
actions/22,viewmag1.png,png,,821
actions/22,gnome-run.png,png,,799
actions/22,stock_text_justify.png,png,,449
actions/22,stock_yes.png,png,,580
actions/22,bookmark-new.png,png,,499
actions/22,stock_media-pause.png,png,,437
actions/22,gtk-redo-ltr.png,png,,530
actions/22,mail-mark-not-junk.png,png,,866
actions/22,folder-copy.png,png,,461
actions/22,stock_folder-copy.png,png,,461
actions/22,mail-mark-read.png,png,,663
actions/22,media-playback-stop.png,png,,304
actions/22,audio-cd-new.png,png,,1379
actions/22,xfsm-logout.png,png,,671
actions/22,edit-clear.png,png,,654
actions/22,player_end.png,png,,660
actions/22,bookmark_add.png,png,,499
actions/22,gtk-underline.png,png,,677
actions/22,stock_text_italic.png,png,,809
actions/22,stock_text_left.png,png,,437
actions/22,window-new.png,png,,526
actions/22,gtk-execute.png,png,,799
actions/22,stock_cut.png,png,,768
actions/22,stock_mark.png,png,,496
actions/22,gtk-go-down.png,png,,466
actions/22,stock_bookmark.png,png,,651
actions/22,stock_print-preview.png,png,,1010
actions/22,gtk-leave-fullscreen.png,png,,654
actions/22,gtk-zoom-out.png,png,,784
actions/22,stock_save-as.png,png,,694
actions/22,stock_stop.png,png,,949
actions/22,zoom-original.png,png,,821
actions/22,stock_folder-move.png,png,,489
actions/22,format-indent-less.png,png,,481
actions/22,gnome-log-out.png,png,,671
actions/22,call-stop.png,png,,449
actions/22,stock_text_center.png,png,,490
actions/22,lxde-logout.png,png,,671
actions/22,stock_folder-properties.png,png,,590
actions/22,stock_file-properties.png,png,,590
actions/22,reload_page.png,png,,756
actions/22,contact-new.png,png,,1011
actions/22,gnome-stock-mail-rpl.png,png,,807
actions/22,player_start.png,png,,695
actions/22,gtk-open.png,png,,573
actions/22,gtk-goto-last-ltr.png,png,,555
actions/22,zoom-best-fit.png,png,,730
actions/22,folder_new.png,png,,556
actions/22,gtk-media-previous-rtl.png,png,,660
actions/22,tools-check-spelling.png,png,,959
actions/22,stock_spellcheck.png,png,,959
actions/22,find.png,png,,763
actions/22,cab_extract.png,png,,550
actions/22,stock_search.png,png,,763
actions/22,edit-cut.png,png,,768
actions/22,stock_text_bold.png,png,,727
actions/22,gnome-stock-text-unindent.png,png,,481
actions/22,stock_mail-forward.png,png,,793
actions/22,appointment.png,png,,848
actions/22,stock_new-text.png,png,,560
actions/22,mail-mark-important.png,png,,820
actions/22,gtk-apply.png,png,,496
actions/22,zoom-out.png,png,,784
actions/22,media-playback-start.png,png,,413
actions/22,leftjust.png,png,,437
actions/22,kfind.png,png,,1147
actions/22,gtk-find-and-replace.png,png,,858
actions/22,system-shutdown.png,png,,691
actions/22,reload_all_tabs.png,png,,756
actions/22,mail_new.png,png,,663
actions/22,appointment-new.png,png,,848
actions/22,player_stop.png,png,,304
actions/22,up.png,png,,508
actions/22,media-skip-backward.png,png,,695
actions/22,stock_search-and-replace.png,png,,858
actions/22,insert-object.png,png,,436
actions/22,stock_calc-accept.png,png,,496
actions/22,gtk-strikethrough.png,png,,741
actions/22,gtk-jump-to-rtl.png,png,,616
actions/22,stock_mail-compose.png,png,,663
actions/22,gtk-media-stop.png,png,,304
actions/22,bonobo-component-browser.png,png,,799
actions/22,forward.png,png,,505
actions/22,stock_text_indent.png,png,,479
actions/22,stock_home.png,png,,667
actions/22,gtk-about.png,png,,1073
actions/22,mail-unread.png,png,,806
actions/22,gtk-italic.png,png,,809
actions/22,add-files-to-archive.png,png,,686
actions/22,mail_send.png,png,,1497
actions/22,stock_new-window.png,png,,526
actions/22,gnome-stock-mail-fwd.png,png,,793
actions/22,edit-delete.png,png,,913
actions/22,stock_leave-fullscreen.png,png,,654
actions/22,view-sort-descending.png,png,,674
actions/22,gtk-indent-ltr.png,png,,479
actions/22,edit-find.png,png,,763
actions/22,preview-file.png,png,,1010
actions/22,insert-image.png,png,,610
actions/22,gtk-media-record.png,png,,531
actions/22,gtk-home.png,png,,667
actions/22,window_nofullscreen.png,png,,654
actions/22,document-properties.png,png,,590
actions/22,gtk-close.png,png,,774
actions/22,stock_new-tab.png,png,,550
actions/22,mail-attachment.png,png,,868
actions/22,insert-link.png,png,,581
actions/22,text_italic.png,png,,809
actions/22,bottom.png,png,,485
actions/22,view-fullscreen.png,png,,656
actions/22,start.png,png,,528
actions/22,window-close.png,png,,774
actions/22,redo.png,png,,530
actions/22,stock_save.png,png,,596
actions/22,gtk-properties.png,png,,590
actions/22,stock_text_underlined.png,png,,677
actions/22,gtk-media-play-ltr.png,png,,413
actions/22,gtk-unindent-rtl.png,png,,479
actions/22,gohome.png,png,,667
actions/22,stock_repeat.png,png,,694
actions/22,media-skip-forward.png,png,,660
actions/22,stock_new-bcard.png,png,,1011
actions/22,mail-mark-unread.png,png,,806
actions/22,internet-radio-new.png,png,,779
actions/22,gtk-paste.png,png,,515
actions/22,stock_undo.png,png,,548
actions/22,stock_mail-reply.png,png,,807
actions/22,mail-reply-all.png,png,,875
actions/22,media-write-cd.png,png,,818
actions/22,document-revert.png,png,,720
actions/22,format-justify-right.png,png,,425
actions/22,edit-add.png,png,,322
actions/22,gtk-revert-to-saved-ltr.png,png,,720
actions/22,stock_up.png,png,,508
actions/22,reload3.png,png,,756
actions/22,stock_top.png,png,,527
actions/22,document-open.png,png,,573
actions/22,fileopen.png,png,,573
actions/22,stock_text-strikethrough.png,png,,741
actions/22,gtk-media-next-ltr.png,png,,660
actions/22,xfce-system-lock.png,png,,1042
actions/22,dialog-ok.png,png,,533
actions/22,system-upgrade.png,png,,780
actions/22,stock_text_right.png,png,,425
actions/22,format-justify-left.png,png,,437
actions/22,editcut.png,png,,768
actions/22,gtk-indent-rtl.png,png,,481
actions/22,call-start.png,png,,630
actions/22,gtk-unindent-ltr.png,png,,481
actions/22,remove.png,png,,913
actions/22,text_under.png,png,,677
actions/22,media-eject.png,png,,486
actions/22,package-upgrade.png,png,,805
actions/22,mail-forward.png,png,,793
actions/22,iso-image-burn.png,png,,818
actions/22,kfm-home.png,png,,667
actions/22,go-top.png,png,,527
actions/22,stock-refresh.png,png,,756
actions/22,stock_last.png,png,,555
actions/22,editpaste.png,png,,515
actions/22,viewmag-.png,png,,784
actions/22,gtk-media-pause.png,png,,437
actions/22,stock_shuffle.png,png,,723
actions/22,document-save-as.png,png,,694
actions/22,window_new.png,png,,526
actions/22,dialog-no.png,png,,788
actions/22,stock_no.png,png,,788
actions/22,next.png,png,,505
actions/22,go-down.png,png,,466
actions/22,player-eject.png,png,,486
actions/22,stock_add-bookmark.png,png,,499
actions/22,go-up.png,png,,508
actions/22,mail-outbox.png,png,,904
actions/22,stock_zoom-in.png,png,,851
actions/22,viewmag+.png,png,,851
actions/22,go-next.png,png,,505
actions/22,stop.png,png,,949
actions/22,revert.png,png,,720
actions/22,document-page-setup.png,png,,657
actions/22,file_new.png,png,,560
actions/22,media-import-audio-cd.png,png,,850
actions/22,format-indent-more.png,png,,479
actions/22,bookmark_list_add.png,png,,499
actions/22,edit-redo.png,png,,530
actions/22,stock_inbox.png,png,,898
actions/22,viewmagfit.png,png,,730
actions/22,gtk-new.png,png,,560
actions/22,gnome-lockscreen.png,png,,1042
actions/22,centrejust.png,png,,490
actions/22,mail-send.png,png,,1497
actions/22,mail-reply-sender.png,png,,807
actions/22,dialog-apply.png,png,,496
actions/22,stock_mail-send.png,png,,1497
actions/22,stock_first.png,png,,528
actions/22,gtk-stop.png,png,,949
actions/22,zoom-in.png,png,,851
actions/22,gtk-find.png,png,,763
actions/22,stock_redo.png,png,,530
actions/22,stock_print-setup.png,png,,657
actions/22,dialog-yes.png,png,,580
actions/22,gtk-yes.png,png,,580
actions/22,lock.png,png,,402
actions/22,stock_media-next.png,png,,660
actions/22,search.png,png,,1147
actions/22,xfce-system-exit.png,png,,691
actions/22,format-justify-fill.png,png,,449
actions/22,stock_sent-mail.png,png,,1497
actions/22,gtk-justify-right.png,png,,425
actions/22,gtk-go-back-rtl.png,png,,505
actions/22,extract-archive.png,png,,550
actions/22,format-text-strikethrough.png,png,,741
actions/22,gtk-save.png,png,,596
actions/22,back.png,png,,505
actions/22,document-export.png,png,,593
actions/22,gtk-sort-ascending.png,png,,657
actions/22,list-remove.png,png,,913
actions/22,stock_mail-reply-to-all.png,png,,875
actions/22,view-list-details.png,png,,333
actions/22,folder-new.png,png,,556
actions/22,tab-new.png,png,,550
actions/22,gtk-justify-fill.png,png,,449
actions/22,system-log-out.png,png,,671
actions/22,system-lock-screen.png,png,,1042
actions/22,package-remove.png,png,,858
actions/22,gtk-go-back-ltr.png,png,,505
actions/22,mail-mark-junk.png,png,,960
actions/22,gnome-logout.png,png,,671
actions/22,stock_mail-filters-apply.png,png,,496
actions/22,star.png,png,,915
actions/22,stock_print.png,png,,698
actions/scalable,stock_new-bcard.svg,symlink,./contact-new.svg,17
actions/scalable,gtk-info.svg,svg,,32280
actions/scalable,add.svg,symlink,./list-add.svg,14
actions/scalable,format-justify-center.svg,svg,,2029
actions/scalable,finish.svg,symlink,./go-last.svg,13
actions/scalable,bookmark_list_add.svg,symlink,./bookmark-new.svg,18
actions/scalable,view-sort-descending.svg,svg,,3841
actions/scalable,folder-new.svg,svg,,2651
actions/scalable,gtk-goto-last-rtl.svg,symlink,./go-first.svg,14
actions/scalable,zoom-in.svg,svg,,4010
actions/scalable,gtk-sort-descending.svg,symlink,./view-sort-descending.svg,26
actions/scalable,redhat-home.svg,symlink,../../places/scalable/user-home.svg,35
actions/scalable,stock_repeat.svg,symlink,./media-playlist-repeat.svg,27
actions/scalable,zoom-fit-best.svg,symlink,./zoom-fit.svg,14
actions/scalable,revert.svg,symlink,./document-revert.svg,21
actions/scalable,player_stop.svg,symlink,./media-playback-stop.svg,25
actions/scalable,gnome-run.svg,symlink,./system-run.svg,16
actions/scalable,bookmark-new.svg,svg,,1847
actions/scalable,gtk-leave-fullscreen.svg,symlink,./view-restore.svg,18
actions/scalable,gtk-find.svg,symlink,./edit-find.svg,15
actions/scalable,tab_new.svg,symlink,./tab-new.svg,13
actions/scalable,gtk-goto-last-ltr.svg,symlink,./go-last.svg,13
actions/scalable,mail-attachment.svg,svg,,4141
actions/scalable,go-last.svg,svg,,1476
actions/scalable,editcopy.svg,symlink,./edit-copy.svg,15
actions/scalable,editdelete.svg,symlink,./list-remove.svg,17
actions/scalable,insert-object.svg,svg,,2371
actions/scalable,stock_bookmark.svg,symlink,../../places/scalable/user-bookmarks.svg,40
actions/scalable,stock_save-as.svg,symlink,./document-save-as.svg,22
actions/scalable,go-bottom.svg,svg,,1592
actions/scalable,stock_text_center.svg,symlink,./format-justify-center.svg,27
actions/scalable,mail-replied.svg,symlink,./mail-reply-sender.svg,23
actions/scalable,stock_text_unindent.svg,symlink,./format-indent-less.svg,24
actions/scalable,stock_yes.svg,symlink,./gtk-yes.svg,13
actions/scalable,iso-image-burn.svg,symlink,./media-optical-burn.svg,24
actions/scalable,stock_spellcheck.svg,symlink,./tools-check-spelling.svg,26
actions/scalable,stock_mail-forward.svg,symlink,./mail-forward.svg,18
actions/scalable,player_start.svg,symlink,./media-skip-backward.svg,25
